류시우,광주광역시 동대문구 도산대길 (은서박김마을),25231,주식회사 이,음식 배달원,063-721-7063,siu09@example.com,donghyeongim,172.29.35.156,189.169.105.155,설정 가능한 장거리 배열,Black
권광수,대전광역시 종로구 서초중앙거리 (영미강읍),21102,권장,화학공학 시험원,055-631-9047,bgim@example.org,namjiyeon,10.218.43.152,107.231.82.39,최전방 3세대 GUI,DarkOrchid
박미정,충청남도 남양주시 양재천길,84792,유한회사 박이지,용접기 조작원,042-468-6097,subingim@example.net,bo,172.20.51.18,206.51.126.165,올바른 사이즈의 확장 엔진,White
이은주,울산광역시 종로구 언주가,57371,서이김,육류/어패류 및 낙농품 가공 기계조작원,041-297-0293,iujin@example.org,ci,192.168.53.83,178.47.134.140,1:1 휴대형 미디어 정보,Bisque
김정수,충청북도 당진시 테헤란516거리,56615,김이이,귀금속 및 보석 세공원,011-732-2519,hyeonjui@example.org,dno,10.140.226.196,214.38.37.142,단체 기반의 정적 공개 시스템,BurlyWood
김준서,경상남도 용인시 수지구 선릉거리 (민서김읍),11006,고이최,관세행정 사무원,043-540-1336,si@example.com,yejin20,10.250.147.183,212.3.16.91,오픈소스 실시간 코어,HoneyDew
임은주,인천광역시 노원구 석촌호수98거리,98458,유한회사 최,목재 가공관련 기계 조작원,019-346-7946,gimeunji@example.net,minjae61,172.25.222.132,211.123.33.168,멀티 채널 밀착 정책,LightCoral
이영숙,울산광역시 서구 테헤란거리 (지민하마을),69380,유한회사 전,영업 및 판매 관련 관리자,064-779-2620,gyeongsu53@example.com,oi,172.22.39.79,153.28.158.104,진보적인 다음 세대 인트라넷,Magenta
윤예준,경상북도 안양시 강남대로 (예은백동),65776,한구박,시민 단체 활동가,041-382-0833,jeonghyi12@example.com,seongsu90,172.16.153.194,147.135.103.129,사용자 중심의 근본적 고객 만족,SlateBlue
최준영,광주광역시 강동구 압구정거리 (정식김마을),26481,이김이,재활용 처리 및 소각로 조작원,062-894-0285,njang@example.org,yeeungim,10.98.65.16,164.253.47.69,크로스 플랫폼 스며든 에뮬레이션,LightSalmon
최지영,강원도 부천시 원미구 석촌호수로,98014,이이,수금원,042-332-5169,bgim@example.net,rca,192.168.78.20,50.6.185.245,원활한 다이나믹 컨셉,SteelBlue
김경숙,경상남도 가평군 서초중앙로 (옥자이이동),19020,이장김,감정평가 전문가,064-744-8199,kgim@example.com,subin57,172.22.26.225,167.44.177.164,유기농 3세대 엑스트라넷,Peru
장은지,세종특별자치시 강서구 개포18가 (영순김이면),85668,(유) 이강박,회계 사무원,063-267-6423,wgim@example.net,eunju78,10.127.160.66,209.127.93.122,관리된 잘 모듈화된 인터페이스,MintCream
김예지,충청남도 남양주시 논현가 (정훈황면),57000,(유) 박박김,촬영기사,063-337-5873,jjang@example.com,gimjunhyeog,172.19.89.101,98.76.43.228,조직화된 문맥 기반 분석,Khaki
강지우,세종특별자치시 남구 역삼87로,83565,(주) 우,무용가 및 안무가,042-255-0502,subinseo@example.net,gimseoyun,192.168.9.247,220.154.27.84,비즈니스 중점적 24시간 성공,PapayaWhip
이예지,강원도 용인시 기흥구 테헤란가,52117,김김,기자 및 논설위원,051-910-7114,gyeonghyijang@example.net,zjeon,192.168.135.45,132.146.242.168,멀티 채널 환경 친화적 지식 기반,SandyBrown
이정식,세종특별자치시 강남구 도산대로,61025,(유) 박김지,안내 / 접수 사무원 및 전화교환원,016-421-6786,yeongmio@example.org,yeongceolgim,192.168.27.219,200.74.164.59,크로스 플랫폼 클라이언트-서버 구조체,Brown
홍건우,울산광역시 동구 오금로 (중수김동),32906,(주) 김고남,통신공학 기술자 및 연구원,052-804-3366,coeyejun@example.org,hwangeungyeong,192.168.157.153,199.234.163.40,숙련된 역수 소프트웨어,DarkSalmon
이서준,전라북도 홍천군 언주78거리,87060,주식회사 김배이,상품기획 전문가,019-196-9287,caeweon01@example.org,dheo,10.196.141.91,3.153.192.205,설정 가능한 클라이언트-서버 표준,Ivory
김영철,울산광역시 동작구 테헤란61로,55533,나장,방수공,017-189-4047,yeweonji@example.net,seongminyun,192.168.19.2,208.73.74.249,유저 친화적 안정적 소프트웨어,LightPink
김현우,서울특별시 남구 봉은사82길,13072,(유) 오최조,양식원,062-592-1814,qgo@example.com,yeongceol08,172.30.230.130,33.149.128.159,유기농 문맥 기반 능력,CadetBlue
서영일,대전광역시 서구 테헤란거리 (성민이안마을),56143,안배문,환경공학 기술자 및 연구원,017-459-7699,jeonghogim@example.net,tgweon,192.168.87.217,143.241.195.200,조직화된 비동기 분석,Navy
이주원,부산광역시 강남구 서초중앙가 (준서김리),67124,(유) 이,관세사,054-902-8943,sunogo@example.net,jaehyeonji,10.244.112.117,210.92.50.154,줄어든 지역적 인터페이스,NavajoWhite
김승민,전라남도 성남시 오금로,99950,김김,가구조립원,063-675-9102,acoe@example.org,cunjaju,172.16.82.134,96.214.0.96,비전 있는 교훈적 계층,LemonChiffon
김진우,서울특별시 용산구 영동대4길 (하은김읍),02751,장진강,방수공,018-917-9595,seongsuo@example.org,agim,192.168.193.34,202.136.155.155,최전방 객체 지향적 시간화,Gray
이정호,충청북도 안양시 언주길,14306,한이최,철로 설치 및 보수원,041-829-8877,sunjai@example.net,ijimin,172.26.167.95,201.209.68.143,강력한 분리된 웹 사이트,Pink
안은주,충청남도 원주시 가락95가,06695,오류김,기타 사육관련 종사원,016-054-3196,baeyeongjin@example.net,juweon69,10.242.3.231,82.140.140.97,비즈니스 중점적 클라이언트-서버 표준,Crimson
오정순,세종특별자치시 강서구 개포거리,29133,주식회사 최주김,도금 및 금속분무기 조작원,016-162-4323,baghaeun@example.com,gimminsu,192.168.41.54,120.232.71.82,인체 공학적인 필수 예산 관리,PaleTurquoise
박영환,전라남도 의정부시 압구정4거리,34041,주식회사 문,금속기계부품 조립원,019-713-9684,phong@example.org,junyeong16,192.168.23.198,161.251.76.203,숙련된 무관용 시간화,LightGreen
김진호,전라북도 영월군 개포로,38382,서강,선장/항해사 및 도선사,043-547-3819,yeongsig10@example.com,jinubag,172.20.69.96,215.162.108.142,복제된 주파수 탐지 가능 어플리케이션,OldLace
